{"cameraMode":{"drawMode":0,"name":"Shaded","section":"Shading Mode"},"sceneLighting":true,"audioPlay":false,"sceneViewState":{"m_AlwaysRefresh":true,"showFog":true,"showSkybox":true,"showFlares":true,"showImageEffects":true,"showParticleSystems":true,"showVisualEffectGraphs":true,"m_FxEnabled":true},"in2DMode":false,"pivot":{"x":0.8016834259033203,"y":27.439502716064454,"z":-4.799699783325195},"rotation":{"x":-0.012850720435380936,"y":0.9518769979476929,"z":-0.04029767960309982,"w":-0.30354756116867068},"size":16.13014030456543,"orthographic":false}